<?xml version="1.0" encoding="UTF-8"?>
<ti:module xmlns:ti="http://ti.appcelerator.org" xmlns:android="http://schemas.android.com/apk/res/android">
	<!--
		Similar to tiapp.xml, but contains module/platform specific
		configuration in <iphone>, <android>, and <mobileweb> sections
	-->
	<iphone>
	</iphone>
	<android xmlns:android="http://schemas.android.com/apk/res/android">
		<manifest>
			<uses-permission android:name="android.permission.INTERNET" />
	        <uses-permission android:name="android.permission.ACCESS_NETWORK_STATE" />
	        <uses-permission android:name="android.permission.VIBRATE" />
	        <uses-permission android:name="android.permission.WAKE_LOCK" />
	        <uses-permission android:name="android.permission.GET_ACCOUNTS" />
	        <uses-permission android:name="com.google.android.c2dm.permission.RECEIVE" />
	        <permission android:name="${tiapp.properties['id']}.permission.C2D_MESSAGE" android:protectionLevel="signature" />
	        <uses-permission android:name="${tiapp.properties['id']}.permission.C2D_MESSAGE" />
	        <application>
	            <service android:name="com.parse.PushService" />
	            <receiver android:name="com.parse.ParseBroadcastReceiver">
	                <intent-filter>
	                    <action android:name="android.intent.action.BOOT_COMPLETED" />
	                    <action android:name="android.intent.action.USER_PRESENT" />
	                </intent-filter>
	            </receiver>
	            <receiver android:name="com.parse.GcmBroadcastReceiver"
    				android:permission="com.google.android.c2dm.permission.SEND">
	                <intent-filter>
	                    <action android:name="com.google.android.c2dm.intent.RECEIVE" />
	                    <action android:name="com.google.android.c2dm.intent.REGISTRATION" />
	                    
	                    <!--
	                     IMPORTANT: Change "com.parse.tutorials.pushnotifications" to match your app's package name.
	                     -->
	                    <category android:name="${tiapp.properties['id']}" />
	                </intent-filter>
	            </receiver>
	            <receiver android:name="com.dcgov.parsedc.ParsedcModuleBroadcastReceiver"
				  android:exported="false">
				  <intent-filter>
				  	<action android:name="com.dcgov.parsedc.UPDATE_STATUS" />
				    <action android:name="com.parse.push.intent.RECEIVE" />
				    <action android:name="com.parse.push.intent.DELETE" />
				    <action android:name="com.parse.push.intent.OPEN" />
				  </intent-filter>
				</receiver>
	        </application>
	        
		<meta-data
            android:name="com.parse.push.notification_icon"
            android:resource="@drawable/ic_launcher" />
		</manifest>
	</android>
	<mobileweb>
	</mobileweb>
</ti:module>
